"","code_o","code_d","Flow"
"1",1,1,0.103922313461045
"2",2,1,0.163029669852763
"3",3,1,0.280656386177231
"4",4,1,0.492852366878982
"5",5,1,0.118455990254679
"6",6,1,0.549257608722537
"7",7,1,0.572234759157514
"8",8,1,0.378448358112575
"9",9,1,0.329488347363837
"10",10,1,0.0290744834433861
"11",11,1,0.0874043926613777
"12",12,1,0.0857859400069191
"13",13,1,0.38455539141402
"14",14,1,0.2468526581961
"15",15,1,0.554992933279248
"16",16,1,0.381653559168872
"17",17,1,0.542380603424447
"18",18,1,0.688743269972684
"19",19,1,0.232528900176988
"20",20,1,0.413109380590343
"21",21,1,0.426598149087412
"22",22,1,0.113673069651608
"23",23,1,0.417311985152893
"24",24,1,0.0972196790692103
"25",25,1,0.246970348893618
"26",26,1,0.396742217407541
"27",27,1,0.0134094850643903
"28",28,1,0.332734276198755
"29",29,1,0.627990891034744
"30",30,1,0.20381186928226
"31",31,1,0.233309865374553
"32",32,1,0.349003665424556
"33",33,1,0.357414837969523
"34",34,1,0.174723132905244
"35",35,1,1.03530888781482
"36",36,1,1.03762119661253
"37",37,1,1.16467041468224
"38",38,1,0.12154644786166
"39",39,1,0.614733853713076
"40",40,1,0.273764027271707
"41",41,1,0.412569465329211
"42",42,1,0.398159942702221
"43",43,1,0.619678555604389
"44",44,1,0.608775462064126
"45",45,1,0.925054874277732
"46",46,1,2.44477357310102
"47",47,1,0.0594006723645714
"48",48,1,0.690270666091519
"49",49,1,0.706177753628989
"50",50,1,0.496523387661488
"51",51,1,0.242763247630162
"52",52,1,0.539089174138096
"53",53,1,0.356855355222278
"54",54,1,0.285352753359688
"55",55,1,0.14472673262673
"56",56,1,0.817927288895256
"57",57,1,1.24220351974042
"58",58,1,0.831969809836396
"59",59,1,0.666644836935722
"60",60,1,0.298511240252637
"61",61,1,0.456242446887052
"62",62,1,0.179197315804774
"63",63,1,0.358544698717514
"64",64,1,0.356782543043896
"65",65,1,1.06943580190053
"66",66,1,0.673756243433997
"67",67,1,1.07900267892047
"68",68,1,1.06212577315382
"69",69,1,0.0796702243833452
"70",70,1,0.620555368319265
"71",71,1,0.162434880235054
"72",72,1,0.481596379133471
"73",73,1,0.245584077483291
"74",74,1,0.30202502331855
"75",75,1,0.559971019045235
"76",76,1,1.26195917090996
"77",77,1,1.16558398313313
"78",78,1,0.417200348201832
"79",79,1,0.640779658203293
"80",80,1,0.627546536609433
"81",81,1,0.19570720381717
"82",82,1,0.374841241770502
"83",83,1,0.249624924698236
"84",84,1,0.24277595426493
"85",85,1,0.664469550569177
"86",86,1,0.195552516372136
"87",87,1,0.67062433348303
"88",88,1,0.1011155101757
"89",89,1,0.171612073125973
"90",90,1,0.0838900018737681
"91",91,1,0.100112551932752
"92",92,1,0.0280653870846038
"93",93,1,0.350200703843645
"94",94,1,0.544283268490043
"95",95,1,0.538261099621396
"96",96,1,0.58302014156919
"97",97,1,0.328543149159466
"98",98,1,0.273735658532875
"99",99,1,0.480966360087698
"100",100,1,0.313883833467921
"101",1,2,0.0417048741277901
"102",2,2,0.062739588102969
"103",3,2,0.102086957324977
"104",4,2,0.167339621174923
"105",5,2,0.0373977854036265
"106",6,2,0.163020868752068
"107",7,2,0.163665159084577
"108",8,2,0.107306449930092
"109",9,2,0.0946422128050299
"110",10,2,0.00855910079103124
"111",11,2,0.0361989540819453
"112",12,2,0.0339627638854598
"113",13,2,0.142229846932415
"114",14,2,0.0832261224725222
"115",15,2,0.168285550802135
"116",16,2,0.105597405531216
"117",17,2,0.143064525404095
"118",18,2,0.18180323548592
"119",19,2,0.0633098264325562
"120",20,2,0.117258413316558
"121",21,2,0.184861292966682
"122",22,2,0.0471864895969463
"123",23,2,0.160336655176648
"124",24,2,0.0329878171014603
"125",25,2,0.0711298659042549
"126",26,2,0.0983885835159981
"127",27,2,0.00312605344873716
"128",28,2,0.0798107341670886
"129",29,2,0.16088032275582
"130",30,2,0.0558395572938259
"131",31,2,0.107535851273149
"132",32,2,0.156151965250964
"133",33,2,0.148478463881104
"134",34,2,0.0620190625838401
"135",35,2,0.281436436122185
"136",36,2,0.212131213926857
"137",37,2,0.221324073181668
"138",38,2,0.0258135931927361
"139",39,2,0.148486610240834
"140",40,2,0.073065113310547
"141",41,2,0.205423209199366
"142",42,2,0.198597059759855
"143",43,2,0.297605027810074
"144",44,2,0.250163858242055
"145",45,2,0.249320918828628
"146",46,2,0.327709622819325
"147",47,2,0.00788721974952206
"148",48,2,0.130566076550545
"149",49,2,0.165287666201937
"150",50,2,0.131953630719292
"151",51,2,0.131523207467762
"152",52,2,0.307752277934113
"153",53,2,0.215426941154579
"154",54,2,0.168870208327271
"155",55,2,0.0537631138843534
"156",56,2,0.0572717577894183
"157",57,2,0.129491621295095
"158",58,2,0.159481033184897
"159",59,2,0.16128769161727
"160",60,2,0.0817275143995385
"161",61,2,0.266353594515533
"162",62,2,0.116157672395401
"163",63,2,0.279751188271613
"164",64,2,0.409718647837957
"165",65,2,1.2192485384045
"166",66,2,0.205708425733198
"167",67,2,0.225015787796289
"168",68,2,0.253555114107816
"169",69,2,0.0214634439614135
"170",70,2,0.181180003825307
"171",71,2,0.0993497465850805
"172",72,2,0.334722584783909
"173",73,2,0.215312155219661
"174",74,2,0.447022298622602
"175",75,2,1.10979043327986
"176",76,2,0.735184936229631
"177",77,2,0.410982326097422
"178",78,2,0.129743430527017
"179",79,2,0.198667349869349
"180",80,2,0.199245664488868
"181",81,2,0.121055851572702
"182",82,2,0.259612186066042
"183",83,2,0.204257606120316
"184",84,2,0.242543288346522
"185",85,2,0.63398237698977
"186",86,2,0.123017030889679
"187",87,2,0.298755066515702
"188",88,2,0.037956939441048
"189",89,2,0.0603365847863431
"190",90,2,0.0289570583135716
"191",91,2,0.0609073879878619
"192",92,2,0.0185276041638993
"193",93,2,0.253495882904466
"194",94,2,0.418512978447494
"195",95,2,0.388949905736501
"196",96,2,0.346345663908478
"197",97,2,0.158496728427162
"198",98,2,0.1143322608861
"199",99,2,0.185338102876268
"200",100,2,0.116246789753401
"201",1,3,0.0398463327664254
"202",2,3,0.0603927045849085
"203",3,3,0.0998702652392952
"204",4,3,0.168062673387054
"205",5,3,0.0389061489980422
"206",6,3,0.176501743893477
"207",7,3,0.184167631165761
"208",8,3,0.124697749284788
"209",9,3,0.112595055575433
"210",10,3,0.0103374315730645
"211",11,3,0.03368481339824
"212",12,3,0.031732948761506
"213",13,3,0.135023236796991
"214",14,3,0.0815389897894889
"215",15,3,0.172752657178497
"216",16,3,0.114498000368841
"217",17,3,0.163357269995273
"218",18,3,0.21609856495819
"219",19,3,0.0772420829356497
"220",20,3,0.145088562992278
"221",21,3,0.166574934236164
"222",22,3,0.0423848613138229
"223",23,3,0.14577749685396
"224",24,3,0.0311138767819794
"225",25,3,0.071540884356755
"226",26,3,0.107140470094386
"227",27,3,0.00365921191610924
"228",28,3,0.0982033875538268
"229",29,3,0.203296206562053
"230",30,3,0.0712665500195869
"231",31,3,0.09331429816825
"232",32,3,0.133227350683985
"233",33,3,0.126656477874346
"234",34,3,0.0549518541532279
"235",35,3,0.273506910035094
"236",36,3,0.233632847460613
"237",37,3,0.270993743137832
"238",38,3,0.0335343065962616
"239",39,3,0.196962964490152
"240",40,3,0.0969156771412763
"241",41,3,0.171185218445158
"242",42,3,0.159004721069816
"243",43,3,0.230968364006026
"244",44,3,0.198155560395247
"245",45,3,0.226779052651678
"246",46,3,0.372463205342972
"247",47,3,0.0105454367046939
"248",48,3,0.184829029546644
"249",49,3,0.233846370377094
"250",50,3,0.183089366046049
"251",51,3,0.105712541411842
"252",52,3,0.230382960640692
"253",53,3,0.146824640523559
"254",54,3,0.107340578752324
"255",55,3,0.041739284065194
"256",56,3,0.0721138442864749
"257",57,3,0.208268649120426
"258",58,3,0.25681621028419
"259",59,3,0.246388332722684
"260",60,3,0.118793382335169
"261",61,3,0.209792066540683
"262",62,3,0.0830652164399948
"263",63,3,0.168508887133102
"264",64,3,0.172366254668127
"265",65,3,0.553102463286453
"266",66,3,0.39831599074899
"267",67,3,0.527401968916481
"268",68,3,0.475622538044062
"269",69,3,0.0351721802480267
"270",70,3,0.273435968415725
"271",71,3,0.0787029324556524
"272",72,3,0.241131134256535
"273",73,3,0.130602187312737
"274",74,3,0.182559450087397
"275",75,3,0.474410149945535
"276",76,3,4.310721101546
"277",77,3,1.29334311064576
"278",78,3,0.261769959338106
"279",79,3,0.335700076891695
"280",80,3,0.305723642718402
"281",81,3,0.0989545310766519
"282",82,3,0.198758775024971
"283",83,3,0.14343161795378
"284",84,3,0.161217748293475
"285",85,3,0.57432477212906
"286",86,3,0.230667670705111
"287",87,3,0.655747974806411
"288",88,3,0.0708600527686761
"289",89,3,0.0994603745633168
"290",90,3,0.044006915356751
"291",91,3,0.0521261712224603
"292",92,3,0.0153771451185769
"293",93,3,0.207147532113653
"294",94,3,0.360487007699814
"295",95,3,0.412055345290475
"296",96,3,0.4937546872345
"297",97,3,0.262350987916156
"298",98,3,0.187467266495229
"299",99,3,0.287975648451354
"300",100,3,0.171502292874678
"301",1,4,0.159021254425712
"302",2,4,0.24605124705962
"303",3,4,0.406263337244432
"304",4,4,0.66052745702895
"305",5,4,0.142817823734336
"306",6,4,0.592483356813034
"307",7,4,0.563992442411483
"308",8,4,0.352544354126454
"309",9,4,0.299160983969195
"310",10,4,0.0262677615696084
"311",11,4,0.142666652841692
"312",12,4,0.140287896914195
"313",13,4,0.606115244917361
"314",14,4,0.35254178109814
"315",15,4,0.677613366297398
"316",16,4,0.393982979346105
"317",17,4,0.494937996968711
"318",18,4,0.591710811311981
"319",19,4,0.197056554796705
"320",20,4,0.353750977884037
"321",21,4,0.752214251841458
"322",22,4,0.207677561232283
"323",23,4,0.755370107152263
"324",24,4,0.15614722168697
"325",25,4,0.308510667031394
"326",26,4,0.375849977651247
"327",27,4,0.010714250366496
"328",28,4,0.253804742118888
"329",29,4,0.487749452183775
"330",30,4,0.164318407211263
"331",31,4,0.446314837460355
"332",32,4,0.734692168573722
"333",33,4,0.814965976048192
"334",34,4,0.359049691912502
"335",35,4,1.35525595811777
"336",36,4,0.81189690385826
"337",37,4,0.729751908923853
"338",38,4,0.0784617607561134
"339",39,4,0.432323157975981
"340",40,4,0.207900758572472
"341",41,4,0.841265799236407
"342",42,4,0.963012801772778
"343",43,4,2.00705263288214
"344",44,4,2.37133498710196
"345",45,4,1.33212895660013
"346",46,4,1.15959759359356
"347",47,4,0.0236875643183878
"348",48,4,0.368364620559006
"349",49,4,0.455194924539737
"350",50,4,0.360157423791332
"351",51,4,0.503224962354527
"352",52,4,1.36184183793224
"353",53,4,1.38155274588134
"354",54,4,4.66381471981064
"355",55,4,0.21656808401341
"356",56,4,0.154996059931478
"357",57,4,0.329971224034655
"358",58,4,0.406586039089788
"359",59,4,0.415616992909602
"360",60,4,0.212984753798798
"361",61,4,0.907297885416299
"362",62,4,0.410596121929454
"363",63,4,0.997256944166345
"364",64,4,0.984114568548109
"365",65,4,1.39446405311812
"366",66,4,0.356698110090907
"367",67,4,0.471478322570964
"368",68,4,0.581144112180214
"369",69,4,0.0517628819548546
"370",70,4,0.451370808245218
"371",71,4,0.298907407388483
"372",72,4,0.947031470144037
"373",73,4,0.497188084058833
"374",74,4,0.5355874497597
"375",75,4,0.679000931395557
"376",76,4,0.99900506687903
"377",77,4,0.75671564317431
"378",78,4,0.274845789204474
"379",79,4,0.454601599602197
"380",80,4,0.478178331846586
"381",81,4,0.331017071503624
"382",82,4,0.644283220236903
"383",83,4,0.416236000223495
"384",84,4,0.358065991905565
"385",85,4,0.785298961516136
"386",86,4,0.182395655053717
"387",87,4,0.538772228228148
"388",88,4,0.0777307166558271
"389",89,4,0.133894972360265
"390",90,4,0.0677524684268732
"391",91,4,0.157167493411429
"392",92,4,0.0436453344823046
"393",93,4,0.520329071612494
"394",94,4,0.733842576279413
"395",95,4,0.629782086257538
"396",96,4,0.588546448716797
"397",97,4,0.297462426826004
"398",98,4,0.234755184856525
"399",99,4,0.407362731339665
"400",100,4,0.268536562253344
"401",1,5,0.193671494839525
"402",2,5,0.310326145698397
"403",3,5,0.520217553397772
"404",4,5,0.827894985445553
"405",5,5,0.169821532957369
"406",6,5,0.663460894242546
"407",7,5,0.600730580523331
"408",8,5,0.362203255890094
"409",9,5,0.29991761016278
"410",10,5,0.0259070926885318
"411",11,5,0.178992285375515
"412",12,5,0.18792971534994
"413",13,5,0.84743514960808
"414",14,5,0.477128835486895
"415",15,5,0.832511390873221
"416",16,5,0.440191525794562
"417",17,5,0.518193274945187
"418",18,5,0.595606916532069
"419",19,5,0.193801633650938
"420",20,5,0.343136988039935
"421",21,5,0.962033842197477
"422",22,5,0.299322564920809
"423",23,5,1.23844558390339
"424",24,5,0.242659824692886
"425",25,5,0.38780937040928
"426",26,5,0.407425632882516
"427",27,5,0.0107983036892829
"428",28,5,0.247163673716532
"429",29,5,0.46716985816521
"430",30,5,0.156097979817558
"431",31,5,0.560876301840159
"432",32,5,1.10017786446029
"433",33,5,1.84545140244013
"434",34,5,0.745789571661051
"435",35,5,1.59385990060591
"436",36,5,0.803065213079015
"437",37,5,0.688023685118472
"438",38,5,0.0729649401114211
"439",39,5,0.400771305126289
"440",40,5,0.192819167682067
"441",41,5,0.975299915065869
"442",42,5,1.25303226261425
"443",43,5,3.85973904790514
"444",44,5,3.0930980610172
"445",45,5,1.08325134923501
"446",46,5,0.969699699603733
"447",47,5,0.0204433962572202
"448",48,5,0.324815351998425
"449",49,5,0.407396430994333
"450",50,5,0.32583244049519
"451",51,5,0.517056642730203
"452",52,5,1.34281391501484
"453",53,5,1.01646367880895
"454",54,5,0.582550192068805
"455",55,5,0.114089673863449
"456",56,5,0.110697618380375
"457",57,5,0.262890261562649
"458",58,5,0.341702701000687
"459",59,5,0.360273271670492
"460",60,5,0.188348161645469
"461",61,5,0.842868422216798
"462",62,5,0.34340664158208
"463",63,5,0.64575914019994
"464",64,5,0.471879732273778
"465",65,5,0.776038435831268
"466",66,5,0.243033139310045
"467",67,5,0.359980707664775
"468",68,5,0.473091093459566
"469",69,5,0.0438174721430681
"470",70,5,0.392001769419234
"471",71,5,0.262559431580681
"472",72,5,0.758248226788535
"473",73,5,0.346689146480827
"474",74,5,0.335323751636958
"475",75,5,0.43519703553585
"476",76,5,0.700581353233264
"477",77,5,0.574687860454576
"478",78,5,0.220831780679916
"479",79,5,0.379658096788011
"480",80,5,0.410296259441203
"481",81,5,0.284299173156179
"482",82,5,0.517558661925923
"483",83,5,0.309565988001171
"484",84,5,0.252493996407638
"485",85,5,0.553977505645492
"486",86,5,0.133897577848699
"487",87,5,0.415306166421103
"488",88,5,0.0625189492267153
"489",89,5,0.111330886835216
"490",90,5,0.0577760932158032
"491",91,5,0.134331196984857
"492",92,5,0.035604302668063
"493",93,5,0.405074968163744
"494",94,5,0.553653387435461
"495",95,5,0.47295430574637
"496",96,5,0.450215952271466
"497",97,5,0.234268734765531
"498",98,5,0.190504100359178
"499",99,5,0.339415616730225
"500",100,5,0.22868280459135
"501",1,6,0.0234667383286142
"502",2,6,0.0412687772186346
"503",3,6,0.0838930895694447
"504",4,6,0.18550624668784
"505",5,6,0.0552288839255584
"506",6,6,0.234120097838398
"507",7,6,0.178088237555046
"508",8,6,0.0902792806016669
"509",9,6,0.065936327768462
"510",10,6,0.00521223940476587
"511",11,6,0.0190151195941904
"512",12,6,0.0210095428742325
"513",13,6,0.114610315960534
"514",14,6,0.105437884978037
"515",15,6,0.474263156180041
"516",16,6,0.248081302656235
"517",17,6,0.171834769032556
"518",18,6,0.1514709926627
"519",19,6,0.0423964048904922
"520",20,6,0.0682272309883542
"521",21,6,0.0866374269173342
"522",22,6,0.0254154285955192
"523",23,6,0.110188940654166
"524",24,6,0.0357847596795589
"525",25,6,0.206649406753392
"526",26,6,0.220642491020024
"527",27,6,0.00329837072585202
"528",28,6,0.0590542730627922
"529",29,6,0.0975987676688105
"530",30,6,0.0299767663228825
"531",31,6,0.0430850856989932
"532",32,6,0.0676876979293006
"533",33,6,0.0746089425243498
"534",34,6,0.0405516971080201
"535",35,6,0.25598011280723
"536",36,6,0.194290046315341
"537",37,6,0.158031888170361
"538",38,6,0.0151581096063384
"539",39,6,0.0770627466835554
"540",40,6,0.0350470212073469
"541",41,6,0.0684763901069579
"542",42,6,0.0657032837111779
"543",43,6,0.0992103754721349
"544",44,6,0.0878809924321983
"545",45,6,0.0984353618044745
"546",46,6,0.143282251268704
"547",47,6,0.00352636597008181
"548",48,6,0.057355468099098
"549",49,6,0.070887340160003
"550",50,6,0.0554190527177651
"551",51,6,0.0364177799935201
"552",52,6,0.0769516115157559
"553",53,6,0.0460428837190354
"554",54,6,0.0297178998380228
"555",55,6,0.00934451554343367
"556",56,6,0.0129934560006069
"557",57,6,0.0372658921251663
"558",58,6,0.0525268020491555
"559",59,6,0.0569787244189604
"560",60,6,0.0299493859650022
"561",61,6,0.06299224016078
"562",62,6,0.0229789805226841
"563",63,6,0.0404924315562279
"564",64,6,0.0323088021778603
"565",65,6,0.0667087385320511
"566",66,6,0.0262533912390137
"567",67,6,0.0456237581568908
"568",68,6,0.065835140310734
"569",69,6,0.00640532034477653
"570",70,6,0.058676854401594
"571",71,6,0.0211194545318391
"572",72,6,0.0577905709494596
"573",73,6,0.0261128748688934
"574",74,6,0.0269338527582371
"575",75,6,0.0398453148403339
"576",76,6,0.074268945522289
"577",77,6,0.0688184301570305
"578",78,6,0.0288115924771309
"579",79,6,0.0523198411429707
"580",80,6,0.0584302249495902
"581",81,6,0.0244805991500538
"582",82,6,0.0434857638916948
"583",83,6,0.0261634976124733
"584",84,6,0.02239623155394
"585",85,6,0.0534826710436579
"586",86,6,0.0142692534502592
"587",87,6,0.048474154972571
"588",88,6,0.00784390545604632
"589",89,6,0.014717815662994
"590",90,6,0.00791535814057523
"591",91,6,0.0122529210668623
"592",92,6,0.0032166523692672
"593",93,6,0.0370246850439574
"594",94,6,0.0525325533663032
"595",95,6,0.0476166145525156
"596",96,6,0.0486147842362673
"597",97,6,0.0270912433906375
"598",98,6,0.0233705394938729
"599",99,6,0.0436287244047565
"600",100,6,0.0304373881388834
"601",1,7,0.0063401771779923
"602",2,7,0.00994281423182644
"603",3,7,0.0172381952929013
"604",4,7,0.0308887145071734
"605",5,7,0.00772706714454732
"606",6,7,0.0381500597745586
"607",7,7,0.0429214236109847
"608",8,7,0.0304529382350321
"609",9,7,0.0277532713486618
"610",10,7,0.00249469915289171
"611",11,7,0.00519893489096893
"612",12,7,0.00506185996651862
"613",13,7,0.0226486757875966
"614",14,7,0.01472681242025
"615",15,7,0.0345333131945758
"616",16,7,0.025865752580635
"617",17,7,0.0414253516823992
"618",18,7,0.0585992649857705
"619",19,7,0.0209352551540983
"620",20,7,0.0375306045086033
"621",21,7,0.0247059183320958
"622",22,7,0.00646052664654302
"623",23,7,0.0233077680349713
"624",24,7,0.00539401632173458
"625",25,7,0.0141138449593768
"626",26,7,0.0253651410874999
"627",27,7,0.00105349494541377
"628",28,7,0.0314341998185446
"629",29,7,0.0629294754390546
"630",30,7,0.0199654100349417
"631",31,7,0.013175034621892
"632",32,7,0.019097139563925
"633",33,7,0.0188009801776578
"634",34,7,0.00878688625103179
"635",35,7,0.0507531094555859
"636",36,7,0.0567034892683536
"637",37,7,0.0957545093616093
"638",38,7,0.0145257222991807
"639",39,7,0.0730141874247631
"640",40,7,0.0292376303123841
"641",41,7,0.0228380374534608
"642",42,7,0.0211171530066583
"643",43,7,0.0308936020436612
"644",44,7,0.0275748551885228
"645",45,7,0.0358096981248844
"646",46,7,0.0822874021131114
"647",47,7,0.00499373581017382
"648",48,7,0.166159544238995
"649",49,7,0.10226287154837
"650",50,7,0.0563877139648163
"651",51,7,0.0132917542477335
"652",52,7,0.0281210163010156
"653",53,7,0.0173010903553741
"654",54,7,0.0122226720900347
"655",55,7,0.00479056514525681
"656",56,7,0.0104357004132314
"657",57,7,0.0696135374065861
"658",58,7,0.195204894863472
"659",59,7,0.0935282817975614
"660",60,7,0.0332437210667108
"661",61,7,0.0249744879864407
"662",62,7,0.00936601322416696
"663",63,7,0.017528193405719
"664",64,7,0.0157428778814326
"665",65,7,0.0401870619606324
"666",66,7,0.0221690618937031
"667",67,7,0.0592481271123137
"668",68,7,0.106625042077834
"669",69,7,0.00865713154179969
"670",70,7,0.0627819065820151
"671",71,7,0.00897687086171894
"672",72,7,0.0256235840409587
"673",73,7,0.0124417705810934
"674",74,7,0.0144134238565553
"675",75,7,0.0253632803675462
"676",76,7,0.0593677020209023
"677",77,7,0.0692875708491705
"678",78,7,0.0327237774759005
"679",79,7,0.057136149967141
"680",80,7,0.0569228067951218
"681",81,7,0.0109938812740372
"682",82,7,0.0204867616011727
"683",83,7,0.0132399176804331
"684",84,7,0.0125460822384659
"685",85,7,0.0342389477820628
"686",86,7,0.0106528413523483
"687",87,7,0.0416308418722699
"688",88,7,0.00729609736989084
"689",89,7,0.0136963366126324
"690",90,7,0.00698437302891843
"691",91,7,0.00573588097486027
"692",92,7,0.00157975938428946
"693",93,7,0.019411721175242
"694",94,7,0.0299761414043873
"695",95,7,0.0300714138899612
"696",96,7,0.0341846318818422
"697",97,7,0.0209174478554708
"698",98,7,0.0191174655831181
"699",99,7,0.036147340794381
"700",100,7,0.0246356866822152
"701",1,8,0.138855839128791
"702",2,8,0.219493985601681
"703",3,8,0.380610055397689
"704",4,8,0.671504541557776
"705",5,8,0.16115907783874
"706",6,8,0.739493331514704
"707",7,8,0.75667649418065
"708",8,8,0.490586979847089
"709",9,8,0.420076687252571
"710",10,8,0.0366353174562036
"711",11,8,0.117291375530351
"712",12,8,0.116372650963776
"713",13,8,0.528059032329831
"714",14,8,0.342656890239007
"715",15,8,0.772409520247647
"716",16,8,0.523708563904107
"717",17,8,0.722740006840393
"718",18,8,0.890191838411811
"719",19,8,0.294059027698511
"720",20,8,0.515797122765803
"721",21,8,0.574022846014888
"722",22,8,0.155164285267094
"723",23,8,0.58054807545702
"724",24,8,0.138331786548172
"725",25,8,0.356907604231853
"726",26,8,0.563009232096321
"727",27,8,0.0180051284644498
"728",28,8,0.425181358002953
"729",29,8,0.781767520319276
"730",30,8,0.250954400798902
"731",31,8,0.313867795042587
"732",32,8,0.477486923835342
"733",33,8,0.501800721686045
"734",34,8,0.255541570260102
"735",35,8,1.59899235224029
"736",36,8,1.58674245247384
"737",37,8,1.55688005575909
"738",38,8,0.150261857842288
"739",39,8,0.744516217599219
"740",40,8,0.330689465427731
"741",41,8,0.552647077587302
"742",42,8,0.542217500931341
"743",43,8,0.86745101172783
"744",44,8,0.899256965865177
"745",45,8,1.56293346442756
"746",46,8,5.03341267861838
"747",47,8,0.0711982917179242
"748",48,8,0.791829031858767
"749",49,8,0.822791938723446
"750",50,8,0.586691479013641
"751",51,8,0.322438329128602
"752",52,8,0.724891754536382
"753",53,8,0.489237185490099
"754",54,8,0.404988555706564
"755",55,8,0.221340119343144
"756",56,8,0.920694383389074
"757",57,8,1.02895428343554
"758",58,8,0.876168916140249
"759",59,8,0.74986321195874
"760",60,8,0.346127594728412
"761",61,8,0.59911824510399
"762",62,8,0.236684980925091
"763",63,8,0.476267717451884
"764",64,8,0.47365312508601
"765",65,8,1.36003965218573
"766",66,8,0.692772413924593
"767",67,8,1.01672040844071
"768",68,8,1.10897069546321
"769",69,8,0.0884805088857665
"770",70,8,0.712602677021597
"771",71,8,0.210725994967984
"772",72,8,0.624627224438678
"773",73,8,0.316975218904846
"774",74,8,0.382978351405088
"775",75,8,0.676339869827105
"776",76,8,1.40071634841697
"777",77,8,1.23659384918636
"778",78,8,0.451960554648853
"779",79,8,0.717483063986281
"780",80,8,0.720801227301559
"781",81,8,0.251096510979673
"782",82,8,0.478927937229346
"783",83,8,0.315891727194559
"784",84,8,0.301226978835159
"785",85,8,0.796697904712148
"786",86,8,0.224841486108577
"787",87,8,0.751451731917499
"788",88,8,0.113399198499851
"789",89,8,0.195245958732088
"790",90,8,0.0969833029364231
"791",91,8,0.127291626467152
"792",92,8,0.0354707872024241
"793",93,8,0.437990935503919
"794",94,8,0.669396340480317
"795",95,8,0.646857156390104
"796",96,8,0.683783780922032
"797",97,8,0.379068126560257
"798",98,8,0.314649334635651
"799",99,8,0.555864850984139
"800",100,8,0.366084256628635
"801",1,9,0.206183489541822
"802",2,9,0.336146031431486
"803",3,9,0.612190778595411
"804",4,9,1.16423003291623
"805",5,9,0.309618838499437
"806",6,9,1.58100103131547
"807",7,9,1.71244558461292
"808",8,9,1.08844353547672
"809",9,9,0.876088365212183
"810",10,9,0.0715560319524646
"811",11,9,0.168680328193583
"812",12,9,0.171628751292019
"813",13,9,0.816336541551268
"814",14,9,0.578300557936898
"815",15,9,1.51893370499233
"816",16,9,1.26233455001781
"817",17,9,1.93974326694044
"818",18,9,2.2117083933057
"819",19,9,0.643989795808099
"820",20,9,1.02241313373068
"821",21,9,0.792533748325827
"822",22,9,0.216737437403692
"823",23,9,0.835750680864789
"824",24,9,0.215064241538804
"825",25,9,0.67545619278276
"826",26,9,1.64547244719262
"827",27,9,0.0701102876268996
"828",28,9,1.20466540429064
"829",29,9,1.74672664310193
"830",30,9,0.492323647975554
"831",31,9,0.41369870365192
"832",32,9,0.623429073797396
"833",33,9,0.650979019425397
"834",34,9,0.335779962652464
"835",35,9,2.35710738550317
"836",36,9,4.53374514590517
"837",37,9,14.1496014844353
"838",38,9,0.415647902281982
"839",39,9,1.56218073206049
"840",40,9,0.616751463817312
"841",41,9,0.695836928862597
"842",42,9,0.660803886619055
"843",43,9,1.00355457018201
"844",44,9,0.946556874211913
"845",45,9,1.33701309102082
"846",46,9,3.35121760590221
"847",47,9,0.121476754382417
"848",48,9,1.50020059529033
"849",49,9,1.46933879359073
"850",50,9,1.00143491920183
"851",51,9,0.390888171841754
"852",52,9,0.83654975841126
"853",53,9,0.520084320074131
"854",54,9,0.368116534142525
"855",55,9,0.13920397331465
"856",56,9,0.251603065564554
"857",57,9,0.852334395336098
"858",58,9,1.15392090918025
"859",59,9,1.12020383017122
"860",60,9,0.534473506935658
"861",61,9,0.708286164599466
"862",62,9,0.264961961612285
"863",63,9,0.490048873601983
"864",64,9,0.425535045069545
"865",65,9,0.99758428948144
"866",66,9,0.45318138753521
"867",67,9,0.865722574108668
"868",68,9,1.25999964145679
"869",69,9,0.11715073850506
"870",70,9,1.01252515477379
"871",71,9,0.246226395566615
"872",72,9,0.694014574300964
"873",73,9,0.328673697094921
"874",74,9,0.36306878434571
"875",75,9,0.586063907015016
"876",76,9,1.19322352298153
"877",77,9,1.17569128043192
"878",78,9,0.50146057131976
"879",79,9,0.8963046962983
"880",80,9,0.969200729681263
"881",81,9,0.293139856815351
"882",82,9,0.536290446816171
"883",83,9,0.336295755104791
"884",84,9,0.303762966185175
"885",85,9,0.771631929866565
"886",86,9,0.218431193306439
"887",87,9,0.774756098062466
"888",88,9,0.127790278422309
"889",89,9,0.239099206858314
"890",90,9,0.126444777715405
"891",91,9,0.149536552875939
"892",92,9,0.0403393585107583
"893",93,9,0.480892302473673
"894",94,9,0.71161145248277
"895",95,9,0.674964036147234
"896",96,9,0.718867404263232
"897",97,9,0.413624164247449
"898",98,9,0.363047975177397
"899",99,9,0.679687887108911
"900",100,9,0.470427609412035
"901",1,10,0.147501217799026
"902",2,10,0.231123095296965
"903",3,10,0.391208130064143
"904",4,10,0.659597242646094
"905",5,10,0.148387949178285
"906",6,10,0.635503004161102
"907",7,10,0.616321929738335
"908",8,10,0.388032652210196
"909",9,10,0.329274276329656
"910",10,10,0.0288061908839815
"911",11,10,0.128991178092638
"912",12,10,0.128025913484074
"913",13,10,0.569823891168052
"914",14,10,0.3498707679545
"915",15,10,0.715810686948796
"916",16,10,0.435199156939715
"917",17,10,0.557176665300309
"918",18,10,0.667289145916901
"919",19,10,0.220885183043744
"920",20,10,0.39314566306059
"921",21,10,0.657473678990679
"922",22,10,0.181046213538066
"923",23,10,0.677671028962038
"924",24,10,0.152673353602233
"925",25,10,0.337284500204211
"926",26,10,0.437493231443868
"927",27,10,0.0125967750920695
"928",28,10,0.294944710339496
"929",29,10,0.557728576634632
"930",30,10,0.18506806527006
"931",31,10,0.374832802570666
"932",32,10,0.597813730253282
"933",33,10,0.660995722595222
"934",34,10,0.334990082797699
"935",35,10,1.62138968267133
"936",36,10,1.04188474778077
"937",37,10,0.90940334436559
"938",38,10,0.0941758306362763
"939",39,10,0.503668650268696
"940",40,10,0.236843967666525
"941",41,10,0.682051318711293
"942",42,10,0.72325949084733
"943",43,10,1.31975749539097
"944",44,10,1.71994211033136
"945",45,10,2.26369427476836
"946",46,10,1.73899017548138
"947",47,10,0.0312549346906475
"948",48,10,0.453306113757809
"949",49,10,0.537051479969015
"950",50,10,0.413228021958976
"951",51,10,0.402932648725189
"952",52,10,0.990108480147016
"953",53,10,0.789359873175381
"954",54,10,1.00412432748014
"955",55,10,0.680317335110994
"956",56,10,0.247045443894547
"957",57,10,0.441413022919598
"958",58,10,0.502655617783015
"959",59,10,0.49128371415845
"960",60,10,0.244578311785429
"961",61,10,0.739695888725577
"962",62,10,0.313977726144027
"963",63,10,0.703520605234629
"964",64,10,0.789747469883945
"965",65,10,1.81572956922729
"966",66,10,0.487747178674178
"967",67,10,0.602349372309029
"968",68,10,0.704698933657197
"969",69,10,0.0605822216986571
"970",70,10,0.51532805462225
"971",71,10,0.252539776268398
"972",72,10,0.781441356039197
"973",73,10,0.412829505532437
"974",74,10,0.493993575640671
"975",75,10,0.745880731598354
"976",76,10,1.19306231365055
"977",77,10,0.90575275171602
"978",78,10,0.322527153716728
"979",79,10,0.522461421311874
"980",80,10,0.539956517903511
"981",81,10,0.290157940689088
"982",82,10,0.564150072400994
"983",83,10,0.373595289503944
"984",84,10,0.343414835326845
"985",85,10,0.821707599379155
"986",86,10,0.202661310742159
"987",87,10,0.611631574360428
"988",88,10,0.0882071338930138
"989",89,10,0.150661246927256
"990",90,10,0.0754581520711252
"991",91,10,0.14201843918678
"992",92,10,0.0397516740893206
"993",93,10,0.485651633982109
"994",94,10,0.715402599863353
"995",95,10,0.646495631374319
"996",96,10,0.629729926604195
"997",97,10,0.325645684169916
"998",98,10,0.259035974948629
"999",99,10,0.44923461633008
"1000",100,10,0.294828668541085
